Date,Open,High,Low,Close,Volume,Adj Close
2022-01-19,38.0000,43.0000,38.0000,42.0000,129900,40.4300
2022-01-20,40.9500,48.3700,40.9500,45.0000,153400,43.3178
2022-01-21,43.0000,49.9500,42.9500,45.0000,329500,43.3178
2022-01-24,44.9200,45.0000,41.8800,42.8000,110000,41.2001
2022-01-25,42.5000,44.9200,41.3300,41.8980,23500,40.3318
2022-01-26,45.0100,45.0600,42.2500,43.2200,90500,41.6044
2022-01-27,47.2600,49.6200,43.7500,45.7600,151600,44.0494
2022-01-28,44.5500,47.6000,44.1500,46.7500,43600,45.0024
2022-01-31,46.0000,48.0000,46.0000,48.0000,71300,46.2057
2022-02-01,47.5000,50.0000,47.0500,49.7800,298800,47.9192
2022-02-02,50.0350,56.2300,49.8000,53.0100,23860900,51.0284
2022-02-03,52.1900,56.5700,50.3000,53.6200,8425500,51.6156
2022-02-04,52.6000,54.3300,50.1200,50.1400,6757800,48.2657
2022-02-07,50.0000,50.0400,46.0000,46.0700,9432500,44.3479
2022-02-08,45.1300,47.5600,44.1700,45.5000,7277500,43.7992
2022-02-09,44.7500,47.4500,43.8800,47.3100,4393100,45.5415
2022-02-10,45.5100,48.5000,45.3800,47.0500,2450000,45.2912
2022-02-11,46.7600,48.9100,46.0600,48.0900,3456800,46.2923
2022-02-14,48.1900,49.0000,46.9900,48.1100,2155000,46.3116
2022-02-15,47.7000,48.4500,47.2000,48.0000,2359800,46.2057
2022-02-16,47.7200,48.4700,46.9500,47.2000,5855300,45.4356
2022-02-17,46.3200,47.0800,45.1900,45.2900,3142600,43.5970
2022-02-18,45.1500,45.9000,44.8000,45.4100,2018700,43.7125
2022-02-22,45.4100,45.6800,43.4900,43.5400,2611100,41.9124
2022-02-23,43.6900,43.9900,42.1800,43.0900,2791200,41.4792
2022-02-24,43.1500,44.5900,42.2200,44.3200,2447900,42.8033
2022-02-25,44.3000,44.9300,43.7400,43.9100,2040700,42.4074
2022-02-28,43.3000,46.6200,42.4600,45.9800,5534900,44.4065
2022-03-01,45.6200,48.0500,45.3500,47.7900,4212900,46.1546
2022-03-02,48.0000,50.3000,47.3300,49.4600,3517100,47.7674
2022-03-03,49.8200,50.3300,47.5470,49.5200,2072200,47.8254
2022-03-04,49.1700,51.0400,48.2500,51.0000,2544600,49.2547
2022-03-07,51.0600,52.5800,49.8700,51.6500,2726900,49.8825
2022-03-08,51.1800,55.3200,50.8500,52.3200,3873700,50.5296
2022-03-09,52.4400,53.6800,50.5900,51.3300,3050600,49.5734
2022-03-10,50.5700,51.6400,49.2700,51.3200,2692700,49.5638
2022-03-11,51.4200,51.8400,48.2900,49.3200,3034100,47.6322
2022-03-14,51.8600,51.8600,48.5900,50.9500,2916600,49.2064
2022-03-15,51.3400,51.5900,49.9000,51.2900,2117400,49.5348
2022-03-16,51.7100,52.4000,50.3500,51.7700,2989800,49.9984
2022-03-17,51.8800,52.7100,50.9100,50.9900,2244600,49.2451
2022-03-18,50.6500,51.4100,48.8800,49.0100,9663900,47.3328
2022-03-21,48.9100,49.4300,48.6000,49.2200,2452000,47.5356
2022-03-22,50.3500,52.0500,50.0100,51.1400,3841900,49.3899
2022-03-23,50.7000,51.7700,50.7000,50.9900,2396200,49.2451
2022-03-24,51.1800,52.5800,50.7670,52.4100,2335200,50.6165
2022-03-25,52.2400,53.8200,52.0300,53.8000,2441200,51.9589
2022-03-28,54.3800,56.8500,54.0500,56.7800,3127000,54.8369
2022-03-29,57.0000,57.3900,54.6300,56.3300,2201300,54.4023
2022-03-30,56.1700,57.7900,55.7000,57.5000,1934100,55.5323
2022-03-31,58.3400,59.0800,55.7800,56.2500,3817600,54.3251
2022-04-01,56.3600,58.3000,55.7000,58.0200,2156500,56.0345
2022-04-04,58.3600,58.7000,57.5300,58.3800,1885100,56.3822
2022-04-05,58.6500,60.3200,58.4500,59.0000,2143100,56.9810
2022-04-06,58.9000,60.0800,58.3700,59.6000,2559400,57.5604
2022-04-07,59.7600,61.0700,59.3500,60.9100,3925800,58.8256
2022-04-08,61.2200,64.9000,60.9000,64.0200,4762100,61.8292
2022-04-11,64.1800,64.6620,60.4100,60.6800,3487700,58.6035
2022-04-12,61.0000,63.2100,60.8800,61.8700,2553000,59.7528
2022-04-13,62.0400,64.5500,61.7500,64.2000,3405700,62.0030
2022-04-14,64.1200,64.7200,62.1810,62.5500,1860100,60.4095
2022-04-18,62.2900,64.1700,62.2900,63.3100,1216800,61.1435
2022-04-19,63.6300,66.8900,62.8800,66.7100,2078800,64.4271
2022-04-20,67.8200,68.6800,65.0650,65.4100,2182800,63.1716
2022-04-21,65.0000,66.3000,62.1500,62.6700,2493700,60.5254
2022-04-22,62.5000,64.4560,62.2900,62.4300,2030500,60.2936
2022-04-25,62.3600,62.8400,59.4400,62.2700,2261600,60.1391
2022-04-26,61.8000,62.2200,59.9100,59.9500,2136500,57.8984
2022-04-27,60.0100,61.1900,59.7300,60.0900,1991600,58.0337
2022-04-28,60.2200,61.3500,58.8000,61.3100,3354600,59.2119
2022-04-29,61.5000,61.8600,59.1500,59.2100,2578400,57.1838
2022-05-02,59.3000,59.9900,56.9000,58.2000,2488200,56.2083
2022-05-03,58.4500,60.4500,58.4500,59.7000,2224200,57.6570
2022-05-04,60.1200,62.2950,59.8430,61.8100,2628900,59.6948
2022-05-05,61.2200,61.9900,59.1700,60.1600,1946800,58.1013
2022-05-06,60.2600,61.2300,58.7000,60.2700,2861000,58.2075
2022-05-09,60.5700,60.5700,56.5700,57.6200,2193700,55.6482
2022-05-10,58.2500,59.8700,56.7350,57.0400,2156200,55.0880
2022-05-11,57.1100,59.0300,56.5300,57.3700,1877000,55.4067
2022-05-12,57.3100,57.8500,53.0800,53.4700,3785600,51.7674
2022-05-13,54.5300,55.9010,53.6300,54.6100,2317500,52.8711
2022-05-16,54.4200,57.1300,54.3400,56.5900,1631900,54.7881
2022-05-17,56.8500,59.4800,55.9800,59.3200,2215100,57.4312
2022-05-18,59.4200,60.2550,56.9300,57.2800,4609100,55.4561
2022-05-19,57.1300,57.5100,54.9200,57.2300,2181100,55.4077
2022-05-20,57.5100,58.9400,55.4900,56.6500,2266200,54.8462
2022-05-23,57.5000,57.5900,55.8600,56.6000,1581800,54.7978
2022-05-24,56.5500,57.3600,55.0700,56.7800,1682300,54.9720
2022-05-25,56.8800,59.3400,56.8800,59.1700,1974700,57.2859
2022-05-26,59.1800,63.0430,59.1700,62.4700,3260100,60.4809
2022-05-27,62.4000,66.6400,62.0000,66.6000,2793800,64.4794
2022-05-31,65.5400,66.3900,61.3700,62.0800,7389300,60.1033
2022-06-01,62.3800,63.9200,62.1500,63.6500,2008600,61.6233
2022-06-02,63.6900,64.1200,61.9800,63.7500,1758500,61.7201
2022-06-03,63.2600,65.8200,63.1200,65.1700,1793500,63.0949
2022-06-06,65.5700,66.9400,65.3850,66.3900,2033200,64.2760
2022-06-07,65.5200,66.7000,65.1610,66.5500,2721700,64.4310
2022-06-08,66.4400,66.4700,63.1300,64.7700,1922200,62.7076
2022-06-09,64.2600,64.4600,61.1600,61.2100,1811000,59.2610
2022-06-10,59.8500,61.0600,59.2100,59.7900,1540800,57.8862
2022-06-13,58.2700,58.9900,55.2000,55.4800,2113200,53.7134
2022-06-14,56.0300,56.4800,53.3200,54.4400,2330400,52.7065
2022-06-15,55.7000,59.5550,55.6800,58.2000,3891700,56.3468
2022-06-16,56.3300,58.3500,56.0800,58.2600,4837000,56.4049
2022-06-17,58.5500,59.5000,55.4850,58.1000,6478700,56.2500
2022-06-21,58.1000,60.9400,58.1000,60.3800,4363600,58.4574
2022-06-22,59.2800,60.4300,58.8650,59.2100,3233400,57.3247
2022-06-23,59.8800,61.2300,57.7900,58.6500,2667600,56.7825
2022-06-24,58.8400,60.3400,57.9800,59.2800,6473700,57.3924
2022-06-27,59.1200,59.8710,58.4200,59.4200,1718900,57.5280
2022-06-28,59.8400,60.9100,57.8300,58.0800,1401700,56.2306
2022-06-29,57.9600,58.1550,56.3200,57.3100,1412200,55.4852
2022-06-30,56.9000,58.8340,56.5500,57.2600,2424400,55.4368
2022-07-01,56.7200,58.0900,56.6200,57.6000,1531900,55.7659
2022-07-05,57.1500,57.3700,52.8900,54.9400,2696000,53.1906
2022-07-06,55.1300,57.2200,54.5600,56.7600,1716600,54.9527
2022-07-07,57.5700,59.9000,57.5700,59.1100,1872100,57.2278
2022-07-08,58.9400,59.8100,57.4200,59.6500,2096000,57.7506
2022-07-11,59.6500,60.1400,58.4100,59.8400,1774700,57.9346
2022-07-12,59.4100,61.1100,58.9200,59.2300,1808400,57.3440
2022-07-13,58.1500,60.2800,58.1500,59.8200,1577200,57.9152
2022-07-14,58.2900,58.9700,57.0900,57.9200,2608600,56.0757
2022-07-15,54.9600,56.6460,52.6400,55.6600,5186100,53.8877
2022-07-18,56.3300,56.6700,54.5900,54.8100,2583100,53.0648
2022-07-19,55.4400,55.5000,54.1700,55.0000,2326200,53.2487
2022-07-20,55.1600,55.3450,53.3700,54.0700,2803600,52.3483
2022-07-21,53.8600,54.8550,53.3100,54.1600,1816800,52.4355
2022-07-22,54.7900,55.6000,53.4200,54.0000,1503100,52.2806
2022-07-25,53.9800,55.0600,53.3700,54.9600,1847700,53.2100
2022-07-26,55.4000,56.6700,54.8900,55.5000,1993500,53.7328
2022-07-27,55.0300,55.7600,54.1800,55.5300,1557200,53.7618
2022-07-28,62.5800,65.9400,62.1900,64.5900,8460600,62.5334
2022-07-29,63.8500,66.6000,63.6400,66.1000,3895200,63.9953
2022-08-01,66.0500,66.6000,64.1300,65.3000,2735200,63.2208
2022-08-02,65.3000,66.7900,64.9900,65.8400,1722900,63.7436
2022-08-03,66.6300,67.3800,65.5400,67.1700,2286700,65.0312
2022-08-04,65.5100,68.3700,65.5100,67.4600,2425900,65.3120
2022-08-05,69.7600,75.9800,69.7500,74.3000,4216800,71.9342
2022-08-08,77.0100,77.6300,74.9700,75.8900,3183600,73.4735
2022-08-09,75.7500,76.7700,75.0200,75.7200,2945700,73.3089
2022-08-10,76.0500,77.2000,75.5000,77.1200,2134600,74.6644
2022-08-11,77.1200,80.0600,76.6800,78.8300,2540200,76.3199
2022-08-12,79.6500,81.6800,79.0400,81.5000,2170800,79.0463
2022-08-15,80.2500,82.4300,80.2500,81.2000,1980100,78.7553
2022-08-16,81.1000,82.1100,80.9000,81.4000,1878800,78.9493
2022-08-17,80.4200,81.4500,79.1000,79.7000,2502200,77.3005
2022-08-18,79.4200,82.1450,79.4200,81.6000,1939600,79.1433
2022-08-19,80.3100,81.2800,79.8500,80.8400,1704000,78.4062
2022-08-22,80.7500,80.7500,79.5200,79.6500,1724600,77.2520
2022-08-23,80.2700,80.8900,79.6000,79.7500,1065800,77.3490
2022-08-24,79.6600,80.8150,79.3100,80.3700,1430200,77.9503
2022-08-25,80.0100,82.8300,79.7650,82.7400,1551700,80.2490
2022-08-26,82.7400,83.2300,80.6000,80.8300,1641000,78.3965
2022-08-29,79.6500,81.9900,79.1500,81.0000,1191200,78.5614
2022-08-30,81.5800,81.5800,78.9800,79.6900,1802800,77.2908
2022-08-31,80.2600,82.3900,79.5700,81.5900,3016500,79.1336
2022-09-01,81.5900,82.9400,81.1600,82.5200,2421100,80.0356
2022-09-02,82.5800,83.6900,80.9600,81.0700,2232200,78.6292
2022-09-06,81.7000,82.7000,81.0800,82.2600,2013300,79.7834
2022-09-07,82.6000,84.4600,81.6840,82.9000,1759100,80.4041
2022-09-08,82.8700,85.9500,82.8700,85.7900,2184400,83.2072
2022-09-09,86.5000,87.8100,85.4350,87.5100,1905300,84.8754
2022-09-12,88.5600,88.6600,87.4600,88.1300,1733800,85.4767
2022-09-13,86.9000,88.0300,85.7700,86.3800,1974200,83.7794
2022-09-14,86.3800,88.5300,86.2600,88.0500,3600300,85.3991
2022-09-15,87.8800,88.2600,86.3100,86.8000,3631800,84.1868
2022-09-16,86.6100,86.8600,84.8930,85.5700,6245600,82.9938
2022-09-19,85.4000,89.7000,85.2500,89.3600,4407400,86.6697
2022-09-20,88.4100,90.1800,87.5600,87.7500,4626000,85.1081
2022-09-21,88.7900,90.0900,87.2300,87.2800,2155100,84.6523
2022-09-22,88.0000,88.0000,84.6300,85.3800,1863300,82.8095
2022-09-23,83.7850,84.3400,82.1550,83.8500,2678800,81.3256
2022-09-26,83.6700,84.9500,81.6500,82.9200,1973300,80.4236
2022-09-27,83.6900,85.4150,83.0800,83.9700,1777800,81.4419
2022-09-28,84.1100,85.5300,83.1800,85.0200,1564300,82.4603
2022-09-29,85.0500,86.2100,82.0700,83.0400,1823700,80.5399
2022-09-30,83.2800,84.4500,82.2200,83.1900,3267800,80.6854
2022-10-03,85.0300,86.9100,83.8700,86.5900,2026700,83.9830
2022-10-04,88.3000,89.4650,87.1600,89.3400,1679100,86.6503
2022-10-05,87.6800,89.4700,85.5900,88.1700,1766700,85.5155
2022-10-06,88.2300,89.9090,85.9500,86.2800,1677300,83.6824
2022-10-07,85.7100,85.7500,83.3700,84.3900,2017200,81.8493
2022-10-10,84.9500,85.6300,83.9300,84.7200,982800,82.1694
2022-10-11,84.4100,85.3200,82.5500,82.8800,1534200,80.3848
2022-10-12,83.1100,83.5900,81.6800,82.1600,1878400,79.6864
2022-10-13,80.5600,84.3200,79.3000,83.8200,2746500,81.2965
2022-10-14,84.2100,84.7600,80.7100,81.2600,1693300,78.8135
2022-10-17,83.2200,86.2900,83.1400,85.1900,1678900,82.6252
2022-10-18,86.5000,87.4000,84.5100,86.5100,1598900,83.9055
2022-10-19,85.0900,86.2300,84.5600,85.6900,1325800,83.1102
2022-10-20,86.3700,86.7300,84.1800,84.5600,2076500,82.0142
2022-10-21,84.7000,87.4600,83.6600,87.2800,1749200,84.6523
2022-10-24,87.5680,87.7100,85.5700,87.5800,1325000,84.9432
2022-10-25,87.5000,88.5600,86.7500,88.1500,1647200,85.4961
2022-10-26,89.6800,89.6800,87.3300,88.7800,1370100,86.1071
2022-10-27,89.8050,93.1400,89.8050,93.0400,3345800,90.2389
2022-10-28,92.8900,95.2520,91.8200,93.7500,1958000,90.9275
2022-10-31,94.1400,95.4200,93.3750,94.5400,2276600,91.6937
2022-11-01,95.2400,96.2400,94.0050,95.5200,1467400,92.6442
2022-11-02,94.6800,96.2900,92.9800,93.0900,1966100,90.2874
2022-11-03,92.1600,95.4500,92.1600,94.4100,1484400,91.5676
2022-11-04,95.0900,96.2100,92.7450,94.3200,1974300,91.4803
2022-11-07,95.0600,95.0600,92.9600,93.5000,2120300,90.6850
2022-11-08,89.5600,93.1050,86.0800,87.5400,4345400,84.9045
2022-11-09,87.0000,89.9200,86.3300,87.3500,2241500,84.7202
2022-11-10,90.5000,95.8400,88.2000,95.1400,4885600,92.2757
2022-11-11,95.2900,95.8700,91.6050,92.3100,3133200,89.5309
2022-11-14,92.0000,94.7200,92.0000,93.9200,1997000,91.2317
2022-11-15,94.5100,94.7500,92.6500,93.5000,2537200,90.8238
2022-11-16,94.3100,94.5200,91.2800,91.6800,1384600,89.0558
2022-11-17,90.4300,91.4600,88.8700,90.0500,1792500,87.4725
2022-11-18,90.1200,93.4400,90.0260,93.3000,2515700,90.6295
2022-11-21,94.0700,94.2200,92.7600,93.3900,1744800,90.7169
2022-11-22,94.5600,96.3600,94.0900,96.2700,1567600,93.5145
2022-11-23,96.0300,97.8900,94.4150,96.6200,1135900,93.8545
2022-11-25,96.6000,97.4500,96.0000,97.1600,631700,94.3790
2022-11-28,96.0700,96.5900,94.3800,94.8100,1590100,92.0963
2022-11-29,94.6900,95.1100,93.3200,94.4300,1436200,91.7271
2022-11-30,94.1400,96.9400,93.7600,96.1200,3361800,93.3688
2022-12-01,97.0000,97.7800,93.8800,94.4700,1748600,91.7660
2022-12-02,92.9900,93.4900,91.0400,92.0400,1848700,89.4055
2022-12-05,91.0100,91.6100,89.8000,90.0600,2397000,87.4822
2022-12-06,89.8600,90.8800,89.8000,90.7800,1237500,88.1816
2022-12-07,90.8800,93.2000,90.5900,91.9700,1237200,89.3376
2022-12-08,92.3300,92.9850,90.9300,91.4100,1002400,88.7936
2022-12-09,91.3600,91.8600,89.6900,89.7200,1384600,87.1520
2022-12-12,89.9800,90.9200,89.0700,90.8800,1554100,88.2788
2022-12-13,91.9800,92.7100,90.3900,90.8400,1629900,88.2399
2022-12-14,91.5400,92.2900,89.8800,90.8500,2561600,88.2496
2022-12-15,90.8100,90.8500,89.4300,89.7000,2245100,87.1325
2022-12-16,88.1500,88.6000,85.9300,88.2000,3911700,85.6755
2022-12-19,88.3800,88.6700,87.0000,87.7300,1238100,85.2189
2022-12-20,88.0000,88.1200,87.1250,87.5600,1306600,85.0538
2022-12-21,87.9900,90.1700,86.7100,89.6500,1409500,87.0840
2022-12-22,89.1300,89.3750,86.5300,87.3300,1548300,84.8304
2022-12-23,87.5200,88.2300,87.1300,88.0400,600700,85.5200
2022-12-27,88.4400,88.9100,87.2700,87.6400,634400,85.1315
2022-12-28,87.9500,88.3400,86.4200,86.6100,752000,84.1310
2022-12-29,87.1600,87.6900,86.2800,86.7700,870800,84.2864
2022-12-30,86.6000,86.6000,85.1200,86.2100,1343300,83.7424
2023-01-03,86.0000,86.1200,80.7900,81.9100,4030600,79.5655
2023-01-04,81.9500,83.7400,81.2900,83.4100,2612200,81.0226
2023-01-05,82.9200,83.9200,81.8850,82.4100,1906300,80.0512
2023-01-06,83.6200,85.1600,83.0800,83.5000,1914100,81.1100
2023-01-09,83.8500,85.2100,83.5800,84.0000,1301500,81.5957
2023-01-10,83.4000,83.4900,81.5800,83.0800,1376700,80.7020
2023-01-11,83.0000,84.3750,82.4400,84.1100,1696200,81.7025
2023-01-12,83.8800,84.8000,82.7700,84.3400,1496700,81.9259
2023-01-13,83.8100,85.7050,83.4500,85.1600,1366200,82.7225
2023-01-17,83.9300,85.0200,83.0000,83.3700,2763600,80.9837
2023-01-18,83.3200,84.5100,81.7700,81.8500,2084900,79.5072
2023-01-19,81.6000,81.7900,80.7550,80.8400,1635500,78.5261
2023-01-20,81.1200,83.1000,80.4500,83.0000,1795100,80.6243
2023-01-23,82.9300,84.2900,82.5580,84.1400,1596200,81.7317
2023-01-24,84.0000,84.2300,82.9800,83.9100,1176000,81.5083
2023-01-25,83.4200,83.5600,82.4900,83.4000,1535200,81.0128
2023-01-26,83.6300,86.0700,83.2800,85.8800,2161100,83.4219
2023-01-27,85.8800,86.6600,84.8400,86.5800,1455100,84.1018
2023-01-30,85.9200,86.8500,82.2500,82.4000,3045800,80.0415
2023-01-31,82.8800,85.5000,82.3800,85.3600,2509000,82.9167
2023-02-01,85.4550,85.8700,82.8750,85.4100,2623400,82.9653
2023-02-02,85.4800,86.6800,83.7550,85.3300,2389600,82.8876
2023-02-03,84.3800,85.1600,83.0500,83.2000,1807200,80.8186
2023-02-06,83.0100,83.8500,82.5100,83.2600,1502000,80.8768
2023-02-07,83.3300,86.2700,82.3300,85.9300,2032900,83.4704
2023-02-08,84.7500,85.0000,84.1400,84.3400,2005900,81.9259
2023-02-09,84.9300,85.4600,83.9300,84.4200,1975000,82.0036
2023-02-10,84.2100,87.0000,84.1700,86.8100,1350300,84.3252
2023-02-13,86.8900,87.3000,85.9400,86.3900,1173500,83.9173
2023-02-14,85.9200,87.6020,85.1500,86.0600,2383100,83.5967
2023-02-15,84.5000,86.4850,84.3600,86.0100,2030600,83.5481
2023-02-16,85.0000,87.9200,84.9250,85.6300,3037600,83.1790
2023-02-17,85.2000,86.0400,81.9000,84.5500,3570700,82.1299
2023-02-21,81.6100,83.0100,79.9000,80.3700,5056000,78.0696
2023-02-22,79.3100,79.3100,76.4000,77.8000,3341000,75.5731
2023-02-23,78.0000,79.4450,78.0000,79.2200,1584900,76.9525
2023-02-24,77.7300,79.4100,77.4800,79.2700,1529100,77.2761
2023-02-27,79.4200,80.1000,77.9950,78.3700,1326200,76.3988
2023-02-28,77.8100,77.9900,74.4000,74.8900,3584800,73.0063
2023-03-01,74.1300,75.3900,72.8300,74.3500,2594400,72.4799
2023-03-02,74.1300,76.7300,74.0000,76.1800,1949900,74.2639
2023-03-03,76.2300,79.2000,76.0000,78.9800,2304600,76.9934
2023-03-06,78.3600,78.8800,77.3500,78.8000,2295000,76.8180
2023-03-07,79.0700,79.0700,77.3200,77.9000,2203900,75.9406
2023-03-08,77.7500,78.4500,77.1000,78.0700,1261600,76.1063
2023-03-09,78.0400,80.1900,77.4000,78.6400,3110500,76.6620
2023-03-10,79.1900,79.7800,77.2400,77.5500,2895700,75.5994
2023-03-13,76.9300,78.6050,76.4900,77.1000,2242400,75.1607
2023-03-14,77.5000,79.1000,77.1700,77.9300,2142800,75.9698
2023-03-15,77.2900,77.8800,76.3500,77.3300,1957000,75.3849
2023-03-16,76.6200,79.0400,76.0300,78.4300,1962900,76.4573
2023-03-17,77.7200,78.4600,75.9850,76.7700,3896500,74.8390
2023-03-20,77.0600,78.4300,76.9100,77.0000,1629500,75.0632
2023-03-21,77.5800,78.1100,75.9700,76.5200,2045700,74.5953
2023-03-22,76.2700,76.3300,74.4000,74.4200,1863400,72.5481
2023-03-23,74.6700,75.1300,72.7700,73.4000,1655400,71.5538
2023-03-24,72.5600,73.5200,71.1600,73.4400,2777200,71.5928
2023-03-27,73.4400,75.4250,73.4400,75.2700,3225500,73.3768
2023-03-28,75.0700,76.8100,74.8540,75.5100,1752200,73.6107
2023-03-29,76.2900,76.5600,75.4250,75.8800,2299500,73.9714
2023-03-30,76.6900,77.4400,76.0000,76.8200,1737800,74.8878
2023-03-31,76.8200,78.6000,76.7300,78.5000,2984400,76.5255
2023-04-03,78.0000,78.5500,76.4800,76.6200,1894900,74.6928
2023-04-04,76.6700,76.9700,75.1200,76.0200,1316200,74.1079
2023-04-05,75.8800,77.1200,75.6800,76.5000,1204800,74.5758
2023-04-06,76.6100,76.9800,76.1600,76.9600,1223000,75.0243
2023-04-10,76.5300,77.3700,75.8600,77.3300,1485500,75.3849
2023-04-11,77.7600,77.8100,77.1750,77.4200,1371500,75.4727
2023-04-12,77.9300,77.9500,76.6600,76.8100,1171100,74.8780
2023-04-13,76.6900,77.5900,76.1700,77.1400,1324700,75.1997
2023-04-14,76.3200,76.6350,75.5000,76.4300,1328400,74.5076
2023-04-17,76.5800,76.8250,74.6600,75.0400,1093300,73.1525
2023-04-18,75.3400,75.9500,74.1700,74.4800,1235200,72.6066
2023-04-19,74.9700,75.4000,74.5030,74.7500,1039300,72.8698
2023-04-20,74.7400,76.5700,74.6900,76.4700,1926900,74.5466
2023-04-21,76.8200,76.9650,75.9600,76.5500,1178900,74.6245
2023-04-24,76.4300,77.3350,75.6000,77.2900,1094300,75.3459
2023-04-25,76.6400,77.1400,75.8400,76.9300,1722400,74.9950
2023-04-26,76.5100,76.9700,75.4600,75.8600,3100600,73.9519
2023-04-27,76.2700,77.2400,75.9800,76.7500,1865700,74.8195
2023-04-28,76.9000,77.4700,76.3000,77.4000,2233400,75.4532
2023-05-01,77.5200,77.6500,76.7600,77.0500,1788300,75.1120
2023-05-02,76.7300,77.4000,75.9500,76.7900,2554000,74.8585
2023-05-03,77.2000,77.6000,76.1500,76.5100,1607000,74.5856
2023-05-04,76.9800,80.3700,74.9100,78.5900,3830400,76.6132
2023-05-05,79.1200,80.4500,78.2800,79.4900,2359300,77.4906
2023-05-08,79.7400,79.8500,78.0800,78.7100,2360100,76.7302
2023-05-09,77.9800,79.1000,77.8100,78.9500,3158300,76.9642
2023-05-10,79.8500,80.1200,78.7450,79.4550,1629400,77.4565
2023-05-11,78.5800,79.5500,78.2400,79.1200,2497400,77.4046
2023-05-12,79.4500,80.3900,78.8600,79.8500,1991000,78.1188
2023-05-15,80.6300,81.0900,79.1800,80.2700,2048300,78.5297
2023-05-16,80.1900,80.1900,78.3300,79.0000,3709100,77.2873
2023-05-17,79.0900,80.6300,78.7100,80.3900,2329500,78.6471
2023-05-18,80.2700,81.4700,79.5620,81.4000,2849300,79.6352
2023-05-19,81.7300,83.2350,81.5300,82.3000,2444800,80.5157
2023-05-22,82.7300,83.9600,82.3100,83.5300,1908300,81.7190
2023-05-23,83.3600,84.5600,83.1650,84.0400,2232200,82.2180
2023-05-24,84.0400,84.3700,82.5500,83.3100,2430300,81.5038
2023-05-25,83.2000,83.2000,81.9000,82.7500,1863100,80.9559
2023-05-26,82.9500,83.9500,82.3100,83.8500,2267100,82.0321
2023-05-30,83.8600,85.0450,83.1350,83.7000,2198200,81.8853
2023-05-31,83.5300,84.5500,82.4500,84.0200,5214700,82.1984
2023-06-01,84.8750,89.1620,84.7900,88.8800,3646900,86.9530
2023-06-02,88.6600,89.0500,87.2700,87.5400,3225600,85.6421
2023-06-05,87.8200,88.8100,87.1800,87.5100,1819000,85.6127
2023-06-06,87.1400,89.8900,87.1400,89.5500,2311500,87.6085
2023-06-07,89.5500,90.8800,89.1300,90.8100,2452100,88.8412
2023-06-08,91.4900,92.4680,91.0600,92.3000,3075700,90.2989
2023-06-09,92.3000,93.7700,92.0900,93.2900,2530100,91.2674
2023-06-12,93.0000,94.0200,92.8800,93.7500,1720700,91.7175
2023-06-13,93.9600,95.3300,93.5900,94.2500,2429900,92.2066
2023-06-14,94.5300,95.0000,92.7700,93.2000,2573200,91.1794
2023-06-15,93.7200,93.7500,92.9600,93.4600,3712300,91.4337
2023-06-16,93.5900,94.5200,92.7400,92.8900,4963400,90.8761
2023-06-20,93.1300,93.3600,91.8900,91.9900,1846900,89.9956
2023-06-21,90.8800,91.0350,89.1850,90.5000,2684900,88.5379
2023-06-22,90.5000,90.6850,87.8650,89.2500,3205600,87.3150
2023-06-23,89.6400,90.7000,89.1200,90.3600,2875900,88.4009
2023-06-26,90.2500,91.2000,89.6900,90.6300,1890400,88.6651
2023-06-27,90.9700,91.0150,89.9800,90.8500,1472800,88.8803
2023-06-28,90.9000,90.9000,89.7100,90.5500,1605400,88.5868
2023-06-29,90.5100,91.3450,90.1400,90.8700,1738700,88.8999
2023-06-30,92.0500,92.2900,91.0400,91.5500,2667100,89.5652
2023-07-03,91.0100,91.7400,90.3300,91.6000,1089100,89.6141
2023-07-05,91.4200,93.2100,91.3500,92.1400,2087300,90.1423
2023-07-06,91.4700,91.4700,89.8500,91.0000,2263300,89.0271
2023-07-07,91.0000,91.7100,90.6600,91.3300,1334000,89.3499
2023-07-10,91.3800,93.6300,91.3800,93.6000,1539300,91.5707
2023-07-11,93.8400,94.4300,92.8600,94.3600,1260900,92.3142
2023-07-12,94.9400,96.1600,94.0800,96.0600,1532600,93.9774
2023-07-13,95.8500,96.0700,94.8800,95.2700,1462400,93.2045
2023-07-14,94.8900,95.5350,94.6990,95.0000,1259900,92.9403
2023-07-17,94.4700,96.9200,94.4700,96.1800,1951400,94.0948
2023-07-18,96.0000,96.6500,93.8900,95.3700,1925300,93.3023
2023-07-19,94.8300,95.5400,93.9300,94.7300,1785300,92.6762
2023-07-20,95.5000,97.3200,95.2400,96.8900,1600300,94.7894
2023-07-21,97.5800,98.1500,96.3100,96.6000,5081100,94.5057
2023-07-24,96.6000,96.8100,95.7600,96.5500,1077800,94.4567
2023-07-25,95.9500,98.1600,95.9000,97.5200,854800,95.4057
2023-07-26,96.6700,98.2400,96.6700,97.3400,1243000,95.2296
2023-07-27,97.7300,97.7500,95.2000,95.4200,897900,93.3512
2023-07-28,96.2600,96.6600,95.2600,95.7400,1135900,93.6643
2023-07-31,95.8400,96.6900,95.4000,96.6500,1170200,94.5546
2023-08-01,96.2400,97.0900,96.0700,96.3000,1469600,94.2122
2023-08-02,95.9900,96.0250,94.4300,95.5500,2040300,93.4784
2023-08-03,95.9700,103.5740,95.7600,101.1400,3511000,98.9472
2023-08-04,101.9200,104.7050,101.7900,103.9400,2723600,101.6865
2023-08-07,104.5800,104.6500,102.7750,103.7500,1759800,101.5006
2023-08-08,102.9600,104.9300,102.9600,104.8100,1207300,102.5377
2023-08-09,104.6200,105.9000,104.3080,105.1100,1646700,102.8312
2023-08-10,105.9700,106.8500,105.1100,105.7200,1563700,103.4279
2023-08-11,105.4400,106.7170,104.9900,106.5600,1414100,104.5285
2023-08-14,106.4600,107.6000,105.7130,107.0000,2404000,104.9602
2023-08-15,106.3900,106.5850,105.6200,106.2400,1709600,104.2147
2023-08-16,106.4000,106.4500,105.0000,105.1000,1835200,103.0964
2023-08-17,105.4800,106.1450,104.5700,104.8200,1800600,102.8217
2023-08-18,104.5300,105.5400,104.5100,104.7700,1669000,102.7727
2023-08-21,104.6000,106.4560,104.2800,106.1100,1377000,104.0871
2023-08-22,105.6600,106.5450,105.5100,106.2600,1276900,104.2343
2023-08-23,106.9500,109.2600,106.9500,108.4400,1393500,106.3727
2023-08-24,108.9000,110.2500,106.8400,106.9200,1498700,104.8817
2023-08-25,106.8200,107.4400,105.5700,105.8700,1383800,103.8517
2023-08-28,106.3050,107.3500,105.2300,105.3700,1088000,103.3612
2023-08-29,105.2300,106.1700,104.8000,105.5400,1131500,103.5280
2023-08-30,105.3400,106.2680,105.0900,105.7400,1167400,103.7242
2023-08-31,105.9500,106.0900,103.7700,104.1600,2035500,102.1743
2023-09-01,105.6300,107.4100,105.2000,107.2900,1338800,105.2446
2023-09-05,106.5500,106.7300,105.1510,106.0500,1433200,104.0283
2023-09-06,106.3300,107.7900,105.9900,106.6400,1337800,104.6070
2023-09-07,107.8600,110.9550,107.1800,108.5400,1951100,106.4708
2023-09-08,108.2300,109.6600,108.2300,108.6400,1428100,106.5689
2023-09-11,108.8000,110.3970,108.6500,109.9800,1820700,107.8834
2023-09-12,109.5400,110.0950,108.1500,108.5000,1557100,106.4316
2023-09-13,108.7800,110.0900,108.5100,109.2700,1894600,107.1869
2023-09-14,109.7600,112.6200,109.5250,112.4600,2308300,110.3161
2023-09-15,112.4600,112.6800,109.8000,109.9300,4287700,107.8343
2023-09-18,110.4300,112.2500,110.4100,110.7400,1358500,108.6289
2023-09-19,111.0900,111.3800,110.3000,110.5400,1972100,108.4327
2023-09-20,110.9300,111.1800,109.9100,110.1300,924500,108.0305
2023-09-21,109.6300,110.6400,109.5100,109.9400,1443800,107.8441
2023-09-22,109.4600,110.7400,108.6150,110.3600,1210500,108.2561
2023-09-25,109.7200,112.9200,109.4950,112.2100,2115200,110.0708
2023-09-26,111.6600,111.7150,107.9300,108.4900,2309700,106.4218
2023-09-27,108.9800,111.2900,108.9800,110.7500,2819500,108.6387
2023-09-28,110.7700,110.9800,108.8350,109.3200,1550700,107.2359
2023-09-29,110.0400,110.7100,108.6400,109.0800,2867500,107.0005
2023-10-02,108.3000,108.3000,102.7600,104.7300,2892500,102.7334
2023-10-03,103.2100,104.9200,102.4050,104.8900,2557000,102.8904
2023-10-04,104.6400,106.6000,104.2250,106.1600,1973900,104.1362
2023-10-05,106.9800,108.5000,106.6100,107.8800,1589200,105.8234
2023-10-06,106.5500,110.5800,105.1300,110.1700,2095800,108.0697
2023-10-09,110.1700,111.4870,109.9700,111.3800,1258400,109.2567
2023-10-10,110.9600,113.4900,110.9600,113.0000,1464400,110.8458
2023-10-11,113.9100,115.1780,113.3100,115.0700,1353300,112.8763
2023-10-12,114.9100,116.1600,114.4600,115.7200,1299700,113.5139
2023-10-13,116.7700,117.3900,112.9900,113.6900,1699400,111.5226
2023-10-16,114.7700,117.1200,114.6100,116.8300,1701700,114.6028
2023-10-17,116.0500,117.9900,115.7100,117.1500,1214600,114.9167
2023-10-18,117.3300,118.6450,115.8100,116.0700,1050700,113.8572
2023-10-19,116.0000,116.6100,114.1100,114.2900,981000,112.1112
2023-10-20,114.1100,114.7900,111.9200,112.1000,1654400,109.9629
2023-10-23,111.8300,113.0300,110.3990,112.1100,950800,109.9727
2023-10-24,113.2600,115.3000,113.2600,114.2700,1930900,112.0915
2023-10-25,114.2300,114.2700,111.6700,112.0300,1575000,109.8943
2023-10-26,112.0000,113.0300,111.1400,112.7200,1652700,110.5711
2023-10-27,113.0000,113.3600,109.8930,110.7800,1128700,108.6681
2023-10-30,111.8600,113.2300,111.5050,113.0300,1271600,110.8752
2023-10-31,113.1200,113.5100,111.1700,112.9200,1942000,110.7673
2023-11-01,113.5900,115.3800,112.8300,114.8500,2751300,112.6605
2023-11-02,114.9100,117.9000,114.3800,117.1900,1894600,114.9559
2023-11-03,118.6500,118.6700,116.8500,117.0700,1853200,114.8382
2023-11-06,118.9900,125.6240,118.0600,124.7300,2530800,122.3521
2023-11-07,124.4400,124.9740,118.6600,119.8700,2271500,117.5848
2023-11-08,120.4200,121.4800,118.9650,121.1800,1730200,118.8698
2023-11-09,121.5900,124.3550,120.5200,120.6300,1603200,118.3303
2023-11-10,121.4500,122.7250,121.3760,121.7700,1219700,119.4486
2023-11-13,121.3800,122.2360,120.9100,121.7200,891600,119.3995
2023-11-14,124.0500,126.7100,123.3800,126.5200,1433300,124.1080
2023-11-15,126.5800,127.2400,121.6900,121.9900,1982200,119.6644
2023-11-16,123.0000,123.8300,121.5100,121.6700,1474500,119.6270
2023-11-17,122.2000,123.5200,121.6000,121.6900,1487900,119.6467
2023-11-20,122.4500,122.8500,121.4800,122.2800,1041600,120.2268
2023-11-21,122.9000,123.1800,121.8500,122.5100,984700,120.4529
2023-11-22,122.9000,123.8400,121.9750,123.2500,1376700,121.1805
2023-11-24,123.0700,124.3000,123.0500,123.8600,532500,121.7802
2023-11-27,123.9300,125.3800,123.3700,125.1000,1073200,122.9994
2023-11-28,124.9800,126.5000,123.7600,124.4500,2003000,122.3603
2023-11-29,123.5500,123.9400,119.7600,120.5800,2078800,118.5553
2023-11-30,120.5900,121.8600,120.5150,121.0400,2650000,119.0076
2023-12-01,120.6200,120.9400,119.6500,119.8800,1454900,117.8671
2023-12-04,119.0000,119.5500,118.0500,118.9200,1946900,116.9232
2023-12-05,118.7050,118.9400,115.8850,118.3100,1805900,116.3234
2023-12-06,119.3400,119.6700,112.2200,112.6300,2629800,110.7388
2023-12-07,113.2600,113.4400,109.4500,110.5300,3497000,108.6741
2023-12-08,109.9900,111.6100,109.6500,111.2100,2627300,109.3427
2023-12-11,111.5500,116.3000,110.6700,116.1500,2582900,114.1997
2023-12-12,116.1600,116.4000,113.8500,114.4900,1846200,112.5676
2023-12-13,114.5900,116.7500,113.5300,116.4300,1731100,114.4750
2023-12-14,116.6400,117.8100,115.3700,115.6000,2456400,113.6590
2023-12-15,115.6700,120.8700,115.6100,118.7500,6046800,116.7561
2023-12-18,119.5700,121.5400,118.9100,119.3600,2019800,117.3558
2023-12-19,119.7700,121.0500,119.2550,120.8100,1012700,118.7815
2023-12-20,119.8300,120.1250,117.0000,117.0100,1324300,115.0453
2023-12-21,117.4900,118.4300,116.8100,118.3100,904600,116.3234
2023-12-22,115.0000,117.9800,114.0200,115.3300,1188400,113.3935
2023-12-26,115.5900,117.8400,115.5900,117.5700,740700,115.5959
2023-12-27,117.2800,117.7600,116.8800,117.4200,541300,115.4484
2023-12-28,118.7100,118.7800,116.9500,117.1100,559700,115.1436
2023-12-29,116.7300,117.2700,115.9300,116.8900,849900,114.9273
2024-01-02,116.4000,117.2300,114.9700,115.2500,1362800,113.3148
2024-01-03,115.5000,117.1660,115.5000,115.8500,1372400,113.9047
2024-01-04,116.2100,117.1090,115.0000,115.3600,1348900,113.4230
2024-01-05,115.1100,117.6620,115.1100,116.2400,1729900,114.2882
2024-01-08,116.1900,117.1600,115.0300,117.0300,1351700,115.0649
2024-01-09,116.4400,116.9300,115.1700,116.4900,1514000,114.5340
2024-01-10,116.0200,116.4300,114.9650,115.8500,1090500,113.9047
2024-01-11,115.0000,115.2900,111.4800,112.9100,1609300,111.0141
2024-01-12,113.9400,114.4200,112.7400,112.9100,1556900,111.0141
2024-01-16,112.3700,112.8350,111.3000,111.8100,1417000,109.9326
2024-01-17,111.2300,112.0000,109.4400,111.9200,1484500,110.0407
2024-01-18,111.3700,111.9000,110.2500,111.4100,1614900,109.5393
2024-01-19,111.4500,114.6100,111.4500,114.4500,1684200,112.5283
2024-01-22,114.4600,117.3750,114.3300,117.2100,1876700,115.2419
2024-01-23,117.7300,120.5600,117.1600,118.6900,1929400,116.6971
2024-01-24,119.1400,119.5200,115.3400,115.6700,1514600,113.7278
2024-01-25,117.9000,120.5900,117.0400,120.5500,1425800,118.5258
2024-01-26,120.0700,122.4100,120.0700,121.2700,1558800,119.2337
2024-01-29,121.0900,121.7420,120.0050,121.0100,1801500,118.9781
2024-01-30,121.3300,122.3100,120.7000,121.8800,1285500,119.8335
2024-01-31,122.7800,124.1800,121.3650,122.0000,1666100,119.9515
2024-02-01,122.0000,127.7000,122.0000,127.6300,1937400,125.4869
2024-02-02,127.0100,133.0700,126.4300,129.7100,3781700,127.5320
2024-02-05,127.9000,128.4200,125.8500,127.0300,1878000,124.8970
2024-02-06,127.7600,131.4950,127.1900,131.0100,2656900,128.8102
2024-02-07,131.9600,133.8000,130.8100,132.5000,2087600,130.2752
2024-02-08,132.5500,133.9700,130.1700,130.7200,1228700,128.5251
2024-02-09,130.0200,132.5100,130.0000,132.1700,1245300,129.9507
2024-02-12,131.8200,132.1900,127.9600,128.5100,1206900,126.3522
2024-02-13,127.9100,128.8100,126.7300,127.9100,1503700,125.7623
2024-02-14,128.3000,129.4350,127.6900,128.6700,1372300,126.5095
2024-02-15,129.9200,131.6200,128.8300,131.5000,1348900,129.2920
2024-02-16,131.2600,132.6600,130.4900,131.1600,1295700,128.9577
2024-02-20,131.0000,132.0600,129.3900,131.8000,2121200,129.5869
2024-02-21,132.2900,132.5810,130.1400,131.4000,983400,129.1937
2024-02-22,132.4000,134.0600,131.6500,133.3900,1529900,131.1503
2024-02-23,133.4900,134.1500,131.3500,133.9900,2052200,131.7402
2024-02-26,134.6800,135.2000,132.9300,133.2200,1494700,130.9831
2024-02-27,135.0000,156.6700,135.0000,155.7600,4888300,153.1446
2024-02-28,158.4800,170.9800,156.5000,170.8300,8227500,167.9616
2024-02-29,171.1800,171.3060,163.3700,168.4500,4536900,165.6215
2024-03-01,167.0400,170.3100,165.0500,169.9900,4557600,167.1357
2024-03-04,172.9600,177.0350,169.6200,175.9900,3818200,173.0349
2024-03-05,177.3900,185.5800,175.4200,176.7700,4323800,173.8019
2024-03-06,176.7700,180.8100,175.0100,179.9800,2073600,176.9579
2024-03-07,181.7500,182.0500,176.2100,179.5800,1967800,176.9116
2024-03-08,179.5800,179.8300,168.4600,170.5700,3196900,168.0355
2024-03-11,170.3100,170.9600,166.4000,167.9100,2601700,165.4150
2024-03-12,166.5700,169.0600,164.2000,168.3700,2617000,165.8682
2024-03-13,171.2400,171.3100,166.4400,167.8600,1639000,165.3658
2024-03-14,167.8500,168.3900,163.2700,164.6400,3012300,162.1936
2024-03-15,164.1800,168.3900,162.6700,165.5200,4532000,163.0605
2024-03-18,167.6900,171.0800,166.1900,168.8400,2006800,166.3312
2024-03-19,169.0000,174.0100,168.2600,172.4100,1922200,169.8482
2024-03-20,172.9200,176.7700,172.6510,175.7100,1969200,173.0991
2024-03-21,177.4600,177.8100,172.3700,174.1300,2212100,171.5426
2024-03-22,175.0000,178.3700,174.2150,178.2400,1608400,175.5916
2024-03-25,180.0000,189.0500,179.5400,187.2600,3570600,184.4775
2024-03-26,189.9000,198.8300,184.4800,185.4100,4228700,182.6550
2024-03-27,188.0800,190.1200,182.3400,184.8900,2452100,182.1427
2024-03-28,185.0300,186.8300,183.3350,184.8500,2050800,182.1033
2024-04-01,186.0300,188.8100,183.4000,185.9800,1977500,183.2165
2024-04-02,184.6850,188.3700,184.1200,188.1300,1875500,185.3346
2024-04-03,188.4800,193.2100,186.8700,190.2600,2555800,187.4329
2024-04-04,193.4400,195.5000,182.9600,183.1100,3747800,180.3892
2024-04-05,182.3200,194.8500,181.4200,193.0800,4331400,190.2110
2024-04-08,194.8650,197.6400,188.1100,191.9800,1663500,189.1274
2024-04-09,192.6000,194.8400,185.0500,188.1000,1958600,185.3051
2024-04-10,183.5000,193.8300,182.5000,191.0800,3861900,188.2407
2024-04-11,191.5700,194.2800,190.0000,192.8800,2267300,190.0140
2024-04-12,191.9600,193.2500,190.3500,191.6700,1801900,188.8220
2024-04-15,194.0900,196.0000,184.7800,185.4000,2531500,182.6451
2024-04-16,185.0300,188.2750,183.1100,186.6500,2982700,183.8766
2024-04-17,187.9200,189.0400,182.6300,185.4000,3282900,182.6451
2024-04-18,186.1300,188.2680,183.0900,183.8600,1654200,181.1281
2024-04-19,183.3000,185.9600,177.6500,180.9000,3442500,178.2120
2024-04-22,181.6000,183.8500,178.2100,183.2200,2327500,180.4976
2024-04-23,183.9700,189.7500,183.9700,188.2500,2387300,185.4528
2024-04-24,186.7300,194.3700,183.6470,186.1600,2266400,183.3939
2024-04-25,185.6000,190.5290,185.4050,188.0100,2908900,185.2164
2024-04-26,186.9150,189.3800,185.6300,188.3700,1826600,185.5710
2024-04-29,188.4300,190.4200,186.1400,188.6100,2205500,185.8075
2024-04-30,188.6100,189.4000,185.7100,185.9400,2173200,183.1771
2024-05-01,186.2500,188.2050,183.9200,184.5600,2717000,181.8176
2024-05-02,185.0000,187.1800,183.6000,186.1800,3071000,183.4136
2024-05-03,189.3300,197.2700,188.0000,194.8600,3480200,191.9646
2024-05-06,197.7500,198.9100,194.1200,197.7000,2708000,194.7624
2024-05-07,198.7000,205.0800,197.3500,200.5600,2797300,197.5799
2024-05-08,198.5400,208.2700,198.1100,208.0000,3992100,204.9093
2024-05-09,205.4300,215.9500,203.0000,215.9100,4313500,212.7018
2024-05-10,220.5200,220.5200,211.8600,214.9300,2744700,211.7363
2024-05-13,217.0000,218.6750,212.5900,213.5900,1919300,210.4163
2024-05-14,214.5700,217.9100,210.7700,217.7400,1951000,214.5046
2024-05-15,220.1400,224.7200,219.7600,223.3100,2682200,219.9919
2024-05-16,223.7300,224.8000,216.2400,216.3400,3539800,213.1254
2024-05-17,216.3600,217.7120,209.9100,213.1100,3057300,209.9434
2024-05-20,213.9500,215.2400,211.1500,215.0700,2326200,211.8743
2024-05-21,215.9300,222.6700,215.5000,222.5900,1881100,219.2826
2024-05-22,222.1000,224.4050,217.8600,220.1100,1573700,216.8394
2024-05-23,223.7800,228.0500,220.7400,221.1600,2658300,217.8738
2024-05-24,223.3100,236.3000,221.6400,230.6300,2672000,227.2031
2024-05-28,232.7400,234.7800,221.8200,231.2700,2602200,227.8336
2024-05-29,226.7800,228.8800,218.8900,220.7400,3809400,217.7925
2024-05-30,222.3300,225.2900,220.0000,224.9600,2037800,221.9561
2024-05-31,224.0600,224.4800,208.0000,217.2500,5618300,214.3491
2024-06-03,215.5000,217.2000,204.0500,208.2600,4922600,205.4791
2024-06-04,206.9900,208.5000,196.8400,203.1400,4666700,200.4275
2024-06-05,204.4900,212.8500,204.4500,209.3300,4502200,206.5348
2024-06-06,209.5000,209.8100,196.2100,202.6000,4842100,199.8947
2024-06-07,202.0800,204.0000,197.5200,198.0000,4558700,195.3561
2024-06-10,199.5300,214.7700,198.1320,214.6300,5719100,211.7641
2024-06-11,211.1600,219.5600,210.4500,218.3100,3701900,215.3949
2024-06-12,221.2700,221.7700,212.1500,218.1300,3137900,215.2173
2024-06-13,220.3100,220.3600,214.1200,219.9300,2238200,216.9933
2024-06-14,218.8000,218.8700,210.9600,214.9000,2373800,212.0304
2024-06-17,213.8700,214.7200,208.7100,212.0200,3321100,209.1889
2024-06-18,212.7900,221.2000,209.1150,220.4100,2714700,217.4669
2024-06-20,223.8200,227.7700,219.2900,222.3100,3075100,219.3415
2024-06-21,223.0000,224.5800,215.7400,218.1300,5511600,215.2173
2024-06-24,218.0000,220.8500,215.3510,216.1000,2474100,213.2144
2024-06-25,216.5000,222.4600,214.1800,222.3700,2221900,219.4007
2024-06-26,220.5700,222.2000,207.4500,210.3100,4237000,207.5017
2024-06-27,207.5900,207.9200,201.2600,204.7800,4733600,202.0455
2024-06-28,205.2500,207.3000,199.4400,200.2700,10579100,197.5958
2024-07-01,208.1900,213.5900,203.1400,205.0500,4168400,202.3120
2024-07-02,203.4600,211.8000,203.1000,206.1500,1905300,203.3973
2024-07-03,205.3100,212.4300,202.0100,210.0700,1612700,207.2649
2024-07-05,210.0000,212.7600,208.0700,211.2900,1601600,208.4686
2024-07-08,211.8300,216.4300,211.2500,215.7300,1634400,212.8494
2024-07-09,217.0400,222.3700,215.0600,215.9600,1773200,213.0763
2024-07-10,218.1800,219.9600,213.7400,219.5500,2584300,216.6184
2024-07-11,219.5600,220.5430,215.1900,216.8400,2438200,213.9445
2024-07-12,216.2600,221.1400,212.3070,217.1400,1760700,214.2405
2024-07-15,217.0000,219.6500,211.6380,212.8800,2164300,210.0374
2024-07-16,214.1400,215.0100,204.0600,204.8800,4049600,202.1442
2024-07-17,202.1300,203.0600,185.7700,186.6700,6748700,184.1774
2024-07-18,190.3700,192.8400,178.0700,187.2800,5484900,184.7793
2024-07-19,188.0200,189.9400,186.4000,189.3000,2827000,186.7723
2024-07-22,192.2400,196.8200,188.6100,190.4200,1868800,187.8773
2024-07-23,189.6700,192.1620,188.3000,189.8700,1856600,187.3347
2024-07-24,188.2900,188.2900,174.7000,175.0800,4910100,172.7422
2024-07-25,176.7000,176.8400,165.8700,170.4300,5542000,168.1543
2024-07-26,176.5400,177.0700,171.4400,175.0400,3469300,172.7027
2024-07-29,176.0500,177.1500,171.1280,172.6800,2100100,170.3742
2024-07-30,173.4700,175.0300,165.7500,168.6900,3517100,166.4375
2024-07-31,193.2800,196.5000,183.0000,189.8000,7483700,187.2656
2024-08-01,188.2920,194.2700,176.6200,177.5700,4482100,175.1989
2024-08-02,174.4700,175.3300,161.4380,167.0800,6099200,164.8490
2024-08-05,156.2400,172.7600,155.6000,169.9700,5430800,167.7004
2024-08-06,173.6400,183.8300,168.3900,181.0400,6322100,178.6226
2024-08-07,190.0900,190.0900,176.9000,179.6600,6154900,177.2610
2024-08-08,183.2500,187.6300,176.4200,187.0300,3338800,184.5326
2024-08-09,187.0800,190.1000,183.0700,189.8700,3204000,187.3347
2024-08-12,190.0000,190.8300,183.7000,187.3300,2232300,185.1729
2024-08-13,189.3400,190.8500,187.0700,189.4100,2349000,187.2289
2024-08-14,188.9600,189.8900,182.2100,186.1500,2327900,184.0064
2024-08-15,186.4000,192.5800,185.4900,190.3900,4241900,188.1976
2024-08-16,191.2200,191.3600,185.8300,189.9800,2572300,187.7923
2024-08-19,189.6100,192.8800,185.5600,192.7800,2025100,190.5601
2024-08-20,193.0000,193.5000,189.6390,190.7200,2507000,188.5238
2024-08-21,191.4800,197.3300,190.9800,196.7400,2404200,194.4745
2024-08-22,195.5700,198.8080,194.7100,194.9500,1520300,192.7051
2024-08-23,195.0100,197.3300,192.5200,194.9900,2683300,192.7446
2024-08-26,195.5000,197.9900,193.0800,194.8900,1953400,192.6458
2024-08-27,194.8900,198.3000,193.5700,196.1400,1703200,193.8814
2024-08-28,197.1900,197.4500,192.4100,193.7700,2493200,191.5387
2024-08-29,195.9100,199.1100,192.3100,194.4400,2463800,192.2010
2024-08-30,195.2600,197.8100,195.1500,196.7000,2239400,194.4350
2024-09-03,195.5000,195.8000,177.1800,177.7800,4252300,175.7328
2024-09-04,177.6800,182.7500,176.0000,177.5200,3310400,175.4758
2024-09-05,177.9700,179.7500,175.1100,176.0700,2444900,174.0425
2024-09-06,175.8100,176.6400,171.9400,173.1100,3390300,171.1166
2024-09-09,176.3500,176.3500,171.0400,174.9200,2184400,172.9057
2024-09-10,176.8500,181.2050,173.8600,180.2500,2301800,178.1744
2024-09-11,181.5300,188.1500,179.1450,187.2500,2846900,185.0938
2024-09-12,187.0000,191.6800,184.1900,189.9300,2154600,187.7429
2024-09-13,191.4500,197.8100,189.1800,195.9800,2613600,193.7232
2024-09-16,195.0000,199.5300,192.6900,199.2500,2264000,196.9556
2024-09-17,200.0000,204.7000,198.2500,201.2300,2881700,198.9128
2024-09-18,201.9600,204.9530,198.4200,200.3300,1796000,198.0232
2024-09-19,205.1100,208.6400,202.4700,208.5000,3432600,206.0991
2024-09-20,235.1600,255.2400,233.0000,254.9800,15031400,252.0439
2024-09-23,259.5600,271.8500,252.1100,257.1200,10270000,254.1592
2024-09-24,254.0800,259.4400,251.0880,253.4900,4562700,250.5710
2024-09-25,254.4400,267.0900,253.2400,262.8600,6246200,259.8331
2024-09-26,263.8300,270.1200,254.5000,256.7700,4072200,253.8132
2024-09-27,257.1800,262.4000,255.3400,257.0000,2598100,254.0406
2024-09-30,257.7500,261.1200,251.2750,260.0200,2899300,257.0258
2024-10-01,259.1000,266.0000,253.9600,265.6100,3179800,262.5515
2024-10-02,264.9100,269.7200,261.6500,265.3800,3233600,262.3241
2024-10-03,272.1500,279.5100,268.0000,277.3700,4274200,274.1761
2024-10-04,277.9100,286.0000,275.6000,285.5200,3829200,282.2322
2024-10-07,285.0000,288.7530,274.0000,278.5600,3477000,275.3523
2024-10-08,278.8900,281.4000,273.1000,279.3900,2599100,276.1728
2024-10-09,276.0500,276.0500,257.5000,262.2800,5235800,259.2598
2024-10-10,261.0600,267.7600,259.0300,262.3100,2733500,259.2895
2024-10-11,256.3900,266.9000,249.0500,266.2200,4477700,263.1544
2024-10-14,267.5700,272.8200,265.2100,271.7400,2229300,268.6108
2024-10-15,269.8000,269.8000,262.3400,266.1500,3000900,263.0852
2024-10-16,268.2200,280.2400,264.1200,279.8000,2469300,276.5780
2024-10-17,285.0000,285.0000,270.5400,271.2000,3209900,268.0771
2024-10-18,267.7800,272.5800,265.0000,270.1600,1708800,267.0490
2024-10-21,273.0800,274.1200,268.0100,273.7200,1650900,270.5681
2024-10-22,270.3700,271.4250,265.8500,266.0000,2134100,262.9370
2024-10-23,265.0000,267.9260,262.6100,266.0500,2633700,262.9864
2024-10-24,267.7900,267.8000,262.5700,264.5000,1553700,261.4543
2024-10-25,269.0000,269.7400,263.0900,264.4100,2016200,261.3653
2024-10-28,266.8900,271.1900,265.0100,266.9800,1542500,263.9057
2024-10-29,266.2800,267.2300,261.7000,265.0000,1829700,261.9485
2024-10-30,266.8800,268.0000,261.4300,261.7800,1831000,258.7656
2024-10-31,261.7400,264.1900,259.3500,262.9600,2290900,259.9319
2024-11-01,262.7300,264.7700,256.8200,258.1000,2804500,255.1279
2024-11-04,232.5000,235.4980,224.6800,225.9500,10719400,223.3481
2024-11-05,230.3500,236.8600,227.0000,233.7500,6347400,231.0583
2024-11-06,238.8200,242.0000,233.7600,234.9900,4790100,232.2840
2024-11-07,242.5200,248.3500,238.3970,241.5900,4154900,238.8080
2024-11-08,243.2500,248.0000,236.8300,239.3700,5162100,236.6136
2024-11-11,241.9900,243.9100,234.2900,237.2700,3382100,234.5378
2024-11-12,235.4400,235.9800,225.6900,228.7000,4460000,226.0665
2024-11-13,231.0000,232.7700,225.6100,225.9600,2979500,223.3580
2024-11-14,228.2000,231.5400,225.1200,225.3800,2513200,222.7847
2024-11-15,224.8500,227.7500,221.6600,224.2800,2717400,222.0452
2024-11-18,225.9900,232.0400,221.1800,230.2800,3293200,227.9854
2024-11-19,226.3050,234.8900,226.1000,234.5800,2197500,232.2425
2024-11-20,238.1400,241.4800,232.1400,235.4200,2567600,233.0741
2024-11-21,237.3100,252.1900,234.1100,251.8400,3586400,249.3305
2024-11-22,251.2100,253.2300,245.0300,249.8900,2471600,247.4000
2024-11-25,253.5000,255.6100,243.0000,248.9300,3459600,246.4495
2024-11-26,249.5500,267.1300,249.2000,266.7300,3881600,264.0722
2024-11-27,265.0000,266.0000,250.8500,253.3900,2298200,250.8651
2024-11-29,257.9800,260.7890,255.2000,256.5600,1185700,254.0035
2024-12-02,257.0000,258.4400,249.5100,249.5800,1908400,247.0931
2024-12-03,251.4710,254.1800,246.5800,247.5100,1784600,245.0437
2024-12-04,252.6800,257.6600,251.0000,254.2000,2701200,251.6670
2024-12-05,253.7200,259.7600,253.1000,256.0900,2118200,253.5382
2024-12-06,256.4500,258.5700,250.4200,253.6300,1329700,251.1027
2024-12-09,253.7900,254.0000,236.3300,239.8500,3262400,237.4600
2024-12-10,237.8800,239.5000,230.7100,232.3400,2771500,230.0248
2024-12-11,234.7700,239.4480,232.1200,236.6000,2386700,234.2424
2024-12-12,242.9600,248.1300,238.9200,239.0200,2822000,236.6383
2024-12-13,241.9900,243.4200,236.5000,239.0700,2004800,236.6878
2024-12-16,240.0500,243.7000,237.2480,239.3000,1974400,236.9155
2024-12-17,237.6600,238.0800,228.8600,234.2400,2506500,231.9059
2024-12-18,234.3200,236.9900,224.7700,225.7600,3173700,223.5104
2024-12-19,228.8600,233.7900,224.9800,225.1700,3626800,222.9263
2024-12-20,221.8200,231.7000,219.6400,227.0200,4985400,224.7579
2024-12-23,227.0000,229.3600,221.7000,228.2800,1935200,226.0053
2024-12-24,229.2450,230.1100,227.1560,229.7900,978400,227.5002
2024-12-26,228.5700,230.2300,227.3190,228.6400,920500,226.3617
2024-12-27,228.1800,228.1800,222.7400,226.5400,1466000,224.2826
2024-12-30,223.5200,229.0000,222.2500,226.3200,1587100,224.0648
2024-12-31,226.3500,227.0300,222.8800,223.7100,1885700,221.4809
2025-01-02,226.3800,243.7200,225.1380,242.6000,4552500,240.1826
2025-01-03,250.5000,254.1790,244.3500,252.4000,4576600,249.8849
2025-01-06,257.8800,267.8200,251.5100,264.2800,4116000,261.6465
2025-01-07,263.5000,265.4800,249.5600,255.6300,3112400,253.0828
2025-01-08,255.5100,255.9900,228.0500,243.8400,8414200,241.4102
2025-01-10,282.4900,310.0000,280.1300,305.1900,14707200,302.1489
2025-01-13,297.4950,300.4600,278.8600,279.2400,6920600,276.4575
2025-01-14,283.8950,294.4000,281.4000,288.8700,4852400,285.9915
2025-01-15,297.0900,305.1080,293.0200,300.7700,4140700,297.7730
2025-01-16,302.4700,320.5100,302.4700,315.2400,5269100,312.0988
2025-01-17,320.1600,320.1600,311.0400,316.3600,2820000,313.2076
2025-01-21,326.0000,330.3400,318.3300,323.6400,4032300,320.4151
2025-01-22,329.0000,336.4480,319.0000,332.4700,4576600,329.1571
2025-01-23,333.1300,352.0000,333.0000,346.2200,4853500,342.7701
2025-01-24,347.7500,350.0000,341.9500,347.4400,3226600,343.9779
2025-01-27,292.4600,302.6700,270.4400,275.0000,16083200,272.2597
2025-01-28,281.5500,284.3700,259.0900,278.8000,9989300,276.0218
2025-01-29,279.0300,294.1900,276.0600,291.8900,6638500,288.9815
2025-01-30,301.0000,310.6900,298.7900,308.5500,6023100,305.4755
2025-01-31,312.0000,312.0000,297.9450,299.9800,4719900,296.9908
2025-02-03,285.4000,308.6500,284.0200,306.3100,3723500,303.2577
2025-02-04,298.2270,307.0900,293.5000,306.3300,2996300,303.2775
2025-02-05,310.5300,318.3700,302.8500,313.8300,3578600,310.7028
2025-02-06,315.3250,316.5800,305.8700,311.8000,2480100,308.6930
2025-02-07,314.4800,319.6100,309.3050,309.7900,2298000,306.7031
2025-02-10,312.6300,322.0000,312.5750,321.8300,2729800,318.6231
2025-02-11,317.3100,319.1600,309.4400,313.5800,2642900,310.4553
2025-02-12,305.4300,317.4300,303.7900,313.8000,1766400,310.6731
2025-02-13,316.3600,317.7380,305.0900,311.4900,2707200,308.3861
2025-02-14,311.1850,318.1900,306.2200,317.3000,2193000,314.1382
2025-02-18,323.8400,329.5700,315.8150,325.6000,3253000,322.3556
2025-02-19,323.8100,329.8880,318.1300,321.6650,3079100,318.4598
2025-02-20,317.4900,322.0000,304.1800,309.4200,3860000,306.3367
2025-02-21,310.0000,310.4600,277.7700,284.4400,6478000,281.6057
2025-02-24,290.0100,290.0100,262.6500,267.7200,7221400,265.0523
2025-02-25,264.7800,268.0500,248.5600,264.3100,5094600,261.6763
2025-02-26,272.7500,279.9500,268.0500,270.1400,4724900,267.4482
2025-02-27,276.3900,280.6000,248.7900,249.7400,5131000,247.2514
2025-02-28,246.4200,251.5390,241.6100,250.5450,6029600,248.0484
2025-03-03,249.3800,249.7220,229.2400,232.2900,5315000,229.9753
2025-03-04,227.5000,239.6300,221.2500,231.6500,5525500,229.3417
2025-03-05,230.6500,233.5400,223.4200,229.3200,3840200,227.0349
2025-03-06,220.1900,222.7800,204.7100,207.6900,7710800,205.6205
2025-03-07,208.1000,216.1400,203.1000,212.5400,4986200,210.8160
2025-03-10,203.6100,208.2400,195.5600,202.2100,7689500,200.5698
2025-03-11,203.9900,211.6400,199.9250,208.5800,5051000,206.8881
2025-03-12,219.4200,224.3300,210.0000,215.3500,7320400,213.6032
2025-03-13,216.7700,216.7700,203.7200,209.8700,3654300,208.1676
2025-03-14,213.8300,217.5000,209.0300,216.4600,3829900,214.7042
2025-03-17,216.9100,222.0650,214.3600,218.5400,3547600,216.7673
2025-03-18,217.9200,218.1350,209.2500,210.8500,2716500,209.1397
2025-03-19,211.1200,220.3700,211.1200,218.0500,3091900,216.2813
2025-03-20,217.0600,222.4300,214.0000,219.4400,2250500,217.6600
2025-03-21,215.7750,222.8200,212.5500,222.4800,3733500,220.6753
2025-03-24,228.2400,231.1500,226.6000,228.6200,2773600,226.7655
2025-03-25,229.3100,230.8720,222.0000,226.8700,2849900,225.0297
2025-03-26,224.0000,226.1000,214.0000,216.9700,4059000,215.2101
2025-03-27,211.9600,217.5500,207.5200,209.2000,4178300,207.5031
2025-03-28,209.9000,215.4150,203.8900,205.3900,5572000,203.7240
2025-03-31,198.9800,203.5600,195.5500,201.6300,4518500,199.9945
2025-04-01,200.9500,207.7600,198.0900,206.9400,2863100,205.2614
2025-04-02,202.8300,215.3400,202.2700,214.4600,3179100,212.7204
2025-04-03,200.4700,204.0470,189.7800,190.2400,5557500,188.6969
2025-04-04,180.0700,182.9900,165.0800,170.9600,9358600,169.5732
2025-04-07,161.5300,189.7900,161.3500,179.7900,7458400,178.3316
2025-04-08,188.9400,193.3000,181.9900,184.9400,6895700,183.4398
2025-04-09,186.1300,217.9000,182.6100,215.4500,7984300,213.7024
2025-04-10,209.0000,211.4750,199.5500,204.4900,4048600,202.8313
2025-04-11,204.4900,208.5300,198.0000,208.2500,2960700,206.5608
2025-04-14,214.9700,217.2100,203.8700,206.7000,3427300,205.0233
2025-04-15,206.6000,212.0000,206.3500,208.4200,1986000,206.7294
2025-04-16,205.0500,207.4000,201.4400,204.1900,2433300,202.5337
2025-04-17,208.3500,208.8200,203.6040,206.6800,1962800,205.0035
2025-04-21,203.4900,204.8700,188.0060,192.6100,3290900,191.0476
2025-04-22,197.5500,202.4200,195.8500,200.8800,2457800,199.2506
2025-04-23,213.2500,217.3400,208.2700,209.8000,2976100,208.0982
2025-04-24,209.5700,220.1900,209.5700,218.0700,2336500,216.3011
2025-04-25,218.1100,223.9450,216.5000,222.9900,2710400,221.1812
2025-04-28,222.3400,225.4900,219.6900,224.8200,2396300,222.9964
2025-04-29,224.3100,227.3600,220.5000,226.4500,2038900,224.6131
2025-04-30,219.5500,223.8750,216.7500,223.4400,2185200,221.6276
2025-05-01,232.2000,243.9800,230.3100,240.6150,4557800,238.6633
2025-05-02,244.2800,250.6400,241.5630,247.2600,3316000,245.2543
2025-05-05,243.2700,250.0000,241.4600,248.2700,3117800,246.2562
2025-05-06,258.8300,279.8900,256.1200,273.8200,7195600,271.5989
2025-05-07,277.3600,278.5200,264.6600,268.1200,5165600,265.9451
2025-05-08,271.7500,273.9800,265.0700,270.5900,2862300,268.3951
2025-05-09,272.0700,274.9500,266.0600,271.3700,3245900,269.1688
2025-05-12,286.3600,291.9900,283.4500,285.2800,4744900,282.9659
2025-05-13,280.4700,296.1700,279.1900,291.5200,3651100,289.1553
2025-05-14,291.5200,292.0000,282.9300,288.1500,3129300,285.8126
2025-05-15,284.6100,288.7200,283.2800,284.4000,2187300,282.0931
2025-05-16,286.5900,291.1700,284.2000,291.1200,2104900,289.1531
2025-05-19,283.3500,294.3700,282.0000,294.0200,1972700,292.0334
2025-05-20,292.5600,293.0300,289.6700,292.4000,1481300,290.4244
2025-05-21,288.2700,292.2070,285.2100,287.1100,2040900,285.1701
2025-05-22,285.1900,295.2000,282.7200,291.4700,2390800,289.5007
2025-05-23,298.6450,302.6000,293.1100,297.4900,5373300,295.4800
2025-05-27,303.8600,310.2600,296.2650,309.0600,3611500,306.9718
2025-05-28,309.4500,313.0850,306.6600,308.0500,2512000,305.9687
2025-05-29,313.8800,314.5000,300.1000,303.3700,2710600,301.3203
2025-05-30,301.4400,306.5000,299.2600,306.1500,3656100,304.0815
2025-06-02,306.8900,313.9000,304.5700,313.4300,2097100,311.3123
2025-06-03,342.0000,342.0000,309.5000,313.0300,10696100,310.9150
2025-06-04,304.0000,310.4100,298.9400,299.5400,4966800,297.5161
2025-06-05,299.2350,302.0000,289.3600,289.8800,4673800,287.9214
2025-06-06,293.5800,299.7700,286.0000,298.8000,3735300,296.7812
2025-06-09,300.6950,308.8200,297.0100,299.6600,2997400,297.6353
2025-06-10,300.0000,300.5000,287.7100,291.0200,3374300,289.0537
2025-06-11,296.8300,298.4700,289.8000,292.1900,2751400,290.2159
2025-06-12,290.1100,301.3200,289.0800,300.3800,2084000,298.3505
2025-06-13,297.3600,299.9500,294.0900,296.8900,1525900,294.8841
2025-06-16,300.0000,309.9600,300.0000,308.0100,2592700,305.9290
2025-06-17,307.8200,313.5400,302.7000,305.7000,2158100,303.6346
2025-06-18,305.0000,309.5390,303.2500,306.4300,1451500,304.3596
2025-06-20,307.5300,308.2000,302.6900,304.9200,4194800,302.8599
2025-06-23,306.0000,315.7900,304.6900,315.2100,2314500,313.0803
2025-06-24,317.9400,324.3100,316.8500,320.6600,2385000,318.4935
2025-06-25,322.0100,323.6400,314.8550,315.1400,2263900,313.0108
2025-06-26,317.0000,323.6050,314.7300,322.5100,2192400,320.3310
2025-06-27,327.9050,328.4400,317.8000,320.1700,3689700,318.0068
2025-06-30,324.0000,324.7400,318.2200,322.7600,1968000,320.5793
2025-07-01,320.7250,320.7250,302.2500,307.9200,3553000,305.8396
2025-07-02,306.8800,310.3200,303.0100,306.6300,2106500,304.5583
2025-07-03,308.2000,313.9400,306.4480,311.8800,1465800,309.7728
2025-07-07,310.0000,320.4100,309.0900,318.2500,2002100,316.0998
2025-07-08,320.6850,320.6850,307.7500,312.8400,1793000,310.7263
2025-07-09,313.2200,319.7550,310.2500,317.1100,1685700,314.9674
2025-07-10,316.2600,317.3600,307.2350,313.6200,1745800,311.5010
2025-07-11,310.8100,323.0000,309.7450,321.5400,2015600,319.3675
2025-07-14,322.0800,326.5500,313.8850,325.9900,2000100,323.7874
2025-07-15,327.5800,327.9900,314.2000,317.9900,2742400,315.8415
2025-07-16,318.6300,322.0000,301.3700,308.2000,2952800,306.1177
2025-07-17,311.8200,314.8200,305.0100,308.0800,1984900,305.9985
2025-07-18,311.7800,327.0100,310.9200,321.4200,3532900,319.2484
2025-07-21,324.4200,325.6400,316.6500,317.8800,1937600,315.7322
2025-07-22,318.0000,318.7420,311.3950,317.7900,1780100,315.6429
2025-07-23,329.3900,343.2300,322.8000,323.7000,3821400,321.5129
2025-07-24,325.0800,326.9200,320.8960,321.6700,1818100,319.4967
2025-07-25,322.5000,328.2800,321.0300,327.3500,1383900,325.1383
2025-07-28,330.0850,332.0000,322.5000,328.6600,1701400,326.4394
2025-07-29,332.0000,339.2400,328.7000,330.5200,2696000,328.2868
2025-07-30,331.5000,348.1350,331.5000,345.2700,3026600,342.9372
2025-07-31,349.4800,354.0100,344.2750,347.8400,3581100,345.4898
2025-08-01,336.4350,343.3800,327.0100,340.7700,2871900,338.4676
2025-08-04,345.1300,357.0000,344.5760,354.8900,2899300,352.4922
2025-08-05,352.0300,353.7770,338.9600,343.5700,3380500,341.2487
2025-08-06,343.6200,344.0600,332.3000,338.4600,2946500,336.1732
2025-08-07,335.2600,345.2500,322.0000,336.4100,3632000,334.1370
2025-08-08,338.7100,342.2000,332.2500,335.7650,1961000,333.4965
2025-08-11,336.2400,338.3000,328.0000,331.4900,1829800,329.2503
2025-08-12,333.0500,339.7300,330.9200,338.5700,1890600,336.2825
2025-08-13,339.7650,342.7500,322.5000,327.6300,2788100,325.4164
2025-08-14,325.4400,333.5900,323.2600,326.2100,2020700,324.0060
2025-08-15,327.8900,327.9360,319.6800,322.2300,1749100,320.0529
2025-08-18,322.0700,326.0000,319.7800,322.7700,1860300,320.9757
2025-08-19,320.8500,321.7990,313.8500,317.2350,2122300,315.4715
2025-08-20,313.9250,315.5300,304.7800,314.2100,2638500,312.4633
2025-08-21,314.9800,318.2000,310.7000,312.5200,1622600,310.7827
2025-08-22,313.9200,318.0000,309.2000,310.1600,1856300,308.4359
2025-08-25,310.4100,317.6200,309.9850,310.6800,1386200,308.9529
2025-08-26,310.7700,318.4800,310.3100,316.5800,1674000,314.8202
2025-08-27,316.3500,319.4900,314.1400,315.9400,1369900,314.1837
2025-08-28,317.3000,323.9700,315.8000,319.5500,1751500,317.7736
2025-08-29,317.3500,317.9900,305.8900,307.9800,2326300,306.2679
2025-09-02,300.4900,307.4550,296.9900,307.1900,2426900,305.4824
2025-09-03,306.5200,309.5900,303.9200,308.4800,1374400,306.7651
2025-09-04,310.0000,312.1600,307.2500,309.0600,1757700,307.3419
2025-09-05,311.0500,312.9900,293.1550,301.5800,2821200,299.9035
2025-09-08,304.2100,304.7900,296.3600,298.8200,2333700,297.1588
2025-09-09,300.6100,305.3000,296.3500,300.8200,2081600,299.1478
2025-09-10,308.5000,328.3010,308.5000,320.0000,4040700,318.2211
2025-09-11,320.0100,322.2610,316.1100,318.0000,2263800,316.2322
2025-09-12,318.0600,325.4100,315.2810,323.4800,1414800,321.6818
2025-09-15,325.7500,334.8600,324.6100,330.4200,2049300,328.5832
2025-09-16,332.0400,332.8600,321.5080,322.9100,2374000,321.1149
2025-09-17,322.5300,326.2000,316.1840,321.2750,2171800,319.4890
2025-09-18,325.1800,330.1300,319.5900,322.7100,1732400,320.9160
2025-09-19,325.7100,331.8600,319.7600,330.9000,3416400,329.0605
2025-09-22,332.9700,347.3300,326.5000,347.1200,2879900,345.1904
2025-09-23,346.7500,348.4400,336.1400,336.6500,2522700,334.7785
2025-09-24,339.6890,344.4000,335.5000,339.1300,1735200,337.2448
2025-09-25,335.0000,336.5600,325.0600,326.3300,2447800,324.5159
2025-09-26,328.7200,332.8400,326.4400,331.2600,1263500,329.4185
2025-09-29,334.9000,340.5450,322.5600,334.2650,2286700,332.4068
2025-09-30,334.9200,336.7800,327.2100,329.0700,2159600,327.2407
2025-10-01,326.0500,352.2500,323.8800,350.9000,2818400,348.9493
2025-10-02,352.2500,357.6800,343.2100,357.4600,2161800,355.4729
2025-10-03,358.8700,376.7800,358.6900,360.0000,3355200,357.9987
2025-10-06,367.6300,368.5000,353.0000,364.1000,2159900,362.0760
2025-10-07,363.1300,371.3100,355.3800,358.1600,2167700,356.1690
2025-10-08,368.8100,376.4990,363.7100,371.0000,3342800,368.9376
2025-10-09,374.2300,386.8600,372.7500,383.2300,2888800,381.0996
2025-10-10,381.0000,392.1800,367.3800,368.4900,3084600,366.4416
2025-10-13,376.3200,387.0000,375.2500,380.9100,3270500,378.7925
2025-10-14,374.7000,395.1400,366.1600,389.5600,3110900,387.3944
2025-10-15,396.9750,412.7000,395.7000,403.9500,3537700,401.7044
2025-10-16,406.9000,411.6900,394.7200,396.5300,3062300,394.3257
2025-10-17,391.3000,402.0100,382.8300,386.5000,2882900,384.3514
2025-10-20,395.9400,398.5000,368.1300,370.0000,3072900,367.9432
2025-10-21,369.3650,369.5480,355.2000,358.7900,2753700,356.7955
2025-10-22,361.0000,362.9400,343.4700,350.0600,3571800,348.1140
2025-10-23,354.0000,367.5350,353.7900,365.8000,2317500,363.7665
2025-10-24,376.4300,391.1160,373.6000,389.1900,2999900,387.0265
2025-10-27,392.7500,395.6330,384.1500,391.1500,2642300,388.9756
2025-10-28,397.0300,401.0000,375.5000,384.9500,2865600,382.8101
2025-10-29,382.0800,406.0430,380.5500,401.4300,2615900,399.1984
2025-10-30,397.1500,400.9800,381.9900,382.4800,2218200,380.3538
2025-10-31,388.0000,388.4700,372.1470,377.0000,2383800,374.9042
2025-11-03,380.9200,384.9810,375.1600,377.7100,2506700,375.6103
2025-11-04,368.7900,374.4400,360.4800,362.8200,3192200,360.8031
2025-11-05,364.9300,370.9800,357.0600,363.2500,3228300,361.2307
2025-11-06,360.9600,363.8800,348.5500,351.3000,3909800,349.3471
2025-11-07,335.4800,359.1000,332.1200,358.3900,5775300,356.3977
2025-11-10,367.2000,378.7800,352.6700,360.9300,2436300,358.9236
2025-11-11,359.6200,363.5600,348.4300,351.6700,1830100,349.7151
2025-11-12,354.6300,354.9900,346.2000,354.0200,1994300,352.0520
2025-11-13,350.2300,350.9900,333.6550,335.7400,3604300,333.8736
2025-11-14,328.6500,351.9800,326.8300,338.5200,2732800,336.6381
2025-11-17,336.6850,347.9900,334.0800,338.6700,2129500,337.1738
2025-11-18,333.7500,344.5500,333.7500,339.3500,3209900,337.8508
2025-11-19,344.2750,362.7150,342.9300,357.4800,3337700,355.9007
2025-11-20,368.2500,379.2000,345.0000,345.7800,4415000,344.2523
2025-11-21,345.2800,345.2800,330.8600,338.1100,2948300,336.6162
2025-11-24,339.7500,355.5000,336.7700,354.1050,2388300,352.5406
2025-11-25,353.4600,355.5400,339.3400,351.5950,1635800,350.0417
2025-11-26,355.3900,361.1400,355.0000,359.0900,1396100,357.5036
2025-11-28,362.0000,366.3080,359.6000,364.3600,1073000,362.7503
2025-12-01,359.3300,361.2900,354.0000,359.0500,2012500,357.4637
2025-12-02,362.5350,368.7100,358.9450,363.6700,1974000,362.0634
2025-12-03,361.1900,365.4700,355.2100,361.2600,1559500,359.6640
2025-12-04,360.9800,374.4500,358.5000,368.6200,2029800,366.9915
2025-12-05,369.1650,370.0700,357.1200,359.8200,2018200,358.2303
2025-12-08,362.7650,364.2500,354.0000,357.6700,1637900,356.0898
2025-12-09,356.2000,364.6600,354.0100,359.1500,1359900,357.5633
2025-12-10,358.5500,363.5180,346.4000,362.0700,2382200,360.4704
2025-12-11,360.7500,380.0000,354.3400,378.6000,2530300,376.9274
2025-12-12,379.0000,380.7800,351.2200,351.9800,3778600,350.4250
2025-12-15,356.6500,360.9600,350.6700,357.1400,2628800,355.5622
2025-12-16,356.0600,368.1800,350.3300,365.6250,2496800,364.0097
2025-12-17,368.5150,372.0000,334.1800,340.9700,4598000,339.4636
2025-12-18,351.9900,371.2400,348.7800,361.0500,3773200,359.4549
2025-12-19,361.2000,368.6400,354.1900,355.4000,5429500,353.8299
2025-12-22,363.2750,363.9500,355.4000,357.8100,1390300,356.2292
2025-12-23,353.1400,364.3100,353.0000,361.3300,1404300,359.7336
2025-12-24,360.6200,364.5600,359.0000,363.9500,628400,362.3421
2025-12-26,363.2400,363.3450,358.4000,360.4600,758100,358.8675
2025-12-29,360.0000,369.0000,358.0250,358.3300,1575600,356.7469
2025-12-30,358.0000,360.6800,355.3100,357.1200,1198700,355.5423
2025-12-31,357.7200,360.4200,352.9600,353.2700,1234600,351.7093
